Hello,Hi there!
hy,Hello!
Hello,Hi there!
Hello,It's nice to see you!
Hello,It's nice to see you!
Hello,It's nice to see you!
Nice colors,I will have to give that some thought.<br><br>You can try this from my friend Google: <a target='_blank' href='https://www.google.com/search?q=Nice colors'>Nice colors</a>
"Sorry, Hello!","I don't really know what you are asking.<br><br>You can try this from my friend Google: <a target='_blank' href='https://www.google.com/search?q=Sorry, Hello!'>Sorry, Hello!</a>"
Hello,Hi there!
Hi Lola,Hello there!
